INSERT INTO role (roleid, type) VALUES (1, 'Logged user');
INSERT INTO role (roleid, type) VALUES (2, 'Waiter');
INSERT INTO role (roleid, type) VALUES (3, 'Cook');
INSERT INTO role (roleid, type) VALUES (4, 'Chef');
INSERT INTO role (roleid, type) VALUES (5, 'Manager');

-- password for all accounts to notRegisteredUser is admin
INSERT INTO USERS (USERID, EMAIL, FIRST_NAME, PASSWORD, REGISTERED_USER, SURNAME) VALUES (1, 'admin@restaurant.cz', 'admin', '21232f297a57a5a743894a0e4a801fc3', true, 'admin');
INSERT INTO USERS (USERID, EMAIL, FIRST_NAME, PASSWORD, REGISTERED_USER, SURNAME) VALUES (2, 'chef@restaurant.cz', 'Pepa', '21232f297a57a5a743894a0e4a801fc3', true, 'Novák');
INSERT INTO USERS (USERID, EMAIL, FIRST_NAME, PASSWORD, REGISTERED_USER, SURNAME) VALUES (3, 'waiter@restaurant.cz', 'Adam', '21232f297a57a5a743894a0e4a801fc3', true, 'Novotný');
INSERT INTO USERS (USERID, EMAIL, FIRST_NAME, PASSWORD, REGISTERED_USER, SURNAME) VALUES (4, 'user@restaurant.cz', 'Pepa', '21232f297a57a5a743894a0e4a801fc3', true, 'Sršeň');
INSERT INTO USERS (USERID, EMAIL, FIRST_NAME, PASSWORD, REGISTERED_USER, SURNAME) VALUES (5, 'cook@restaurant.cz', 'Honza', '21232f297a57a5a743894a0e4a801fc3', true, 'Horský');
INSERT INTO USERS (USERID, EMAIL, FIRST_NAME, PASSWORD, REGISTERED_USER, SURNAME) VALUES (6, 'manager@restaurant.cz', 'Adam', '21232f297a57a5a743894a0e4a801fc3', true, 'Svoboda');
-- password is notRegisteredUser
INSERT INTO USERS (USERID, EMAIL, FIRST_NAME, PASSWORD, REGISTERED_USER, SURNAME) VALUES (7, 'notRegisteredUser@restaurant.cz', 'notRegisteredUser', 'be92f9bd769aad4d5e644ca2ef63047d', false, 'notRegisteredUser');
-- password is jan
INSERT INTO USERS (USERID, EMAIL, FIRST_NAME, PASSWORD, REGISTERED_USER, SURNAME) VALUES (8, 'customer@restaurant.cz', 'Jan', 'fa27ef3ef6570e32a79e74deca7c1bc3', true, 'Dlouhý');
-- password is michal
INSERT INTO USERS (USERID, EMAIL, FIRST_NAME, PASSWORD, REGISTERED_USER, SURNAME) VALUES (9, 'customer@restaurant.cz', 'Michal', '04b2af75179fb94be097af182a442a4a', true, 'Studený');

INSERT INTO USERS (USERID, EMAIL, FIRST_NAME, PASSWORD, REGISTERED_USER, SURNAME) VALUES (10, 'toms.chocholaty@seznam.cz', 'Tomas', '955db0b81ef1989b4a4dfeae8041a9a6', true, 'Chocholaty');
INSERT INTO USERS (USERID, EMAIL, FIRST_NAME, PASSWORD, REGISTERED_USER, SURNAME) VALUES (11, null, 'Ondřej', 'NOT REGISTRED USER', false, 'Novák');
INSERT INTO USERS (USERID, EMAIL, FIRST_NAME, PASSWORD, REGISTERED_USER, SURNAME) VALUES (12, null, 'Pavel', 'NOT REGISTRED USER', false, 'Eis');
INSERT INTO USERS (USERID, EMAIL, FIRST_NAME, PASSWORD, REGISTERED_USER, SURNAME) VALUES (13, null, 'Lukáš', 'NOT REGISTRED USER', false, 'Ondrák');
INSERT INTO USERS (USERID, EMAIL, FIRST_NAME, PASSWORD, REGISTERED_USER, SURNAME) VALUES (14, null, 'Tomáš', 'NOT REGISTRED USER', false, 'Líbal');
INSERT INTO USERS (USERID, EMAIL, FIRST_NAME, PASSWORD, REGISTERED_USER, SURNAME) VALUES (15, 'zakaznik@email.cz', 'Tomas', null, false, 'Chocholaty');


INSERT INTO HAS (USER_ID, ROLEID) VALUES (1, 1);
INSERT INTO HAS (USER_ID, ROLEID) VALUES (1, 2);
INSERT INTO HAS (USER_ID, ROLEID) VALUES (1, 3);
INSERT INTO HAS (USER_ID, ROLEID) VALUES (1, 4);
INSERT INTO HAS (USER_ID, ROLEID) VALUES (1, 5);
INSERT INTO HAS (USER_ID, ROLEID) VALUES (2, 4);
INSERT INTO HAS (USER_ID, ROLEID) VALUES (3, 2);
INSERT INTO HAS (USER_ID, ROLEID) VALUES (4, 1);
INSERT INTO HAS (USER_ID, ROLEID) VALUES (5, 3);
INSERT INTO HAS (USER_ID, ROLEID) VALUES (6, 5);
INSERT INTO HAS (USER_ID, ROLEID) VALUES (8, 1);
INSERT INTO HAS (USER_ID, ROLEID) VALUES (9, 1);


INSERT INTO CATEGORY (CATEGORYID, NAME) VALUES (1, 'Předkrmy');
INSERT INTO CATEGORY (CATEGORYID, NAME) VALUES (2, 'Polévky');
INSERT INTO CATEGORY (CATEGORYID, NAME) VALUES (3, 'Saláty');
INSERT INTO CATEGORY (CATEGORYID, NAME) VALUES (4, 'Sendviče');
INSERT INTO CATEGORY (CATEGORYID, NAME) VALUES (5, 'Vegetarianský výběr');
INSERT INTO CATEGORY (CATEGORYID, NAME) VALUES (6, 'Hlavní chody');
INSERT INTO CATEGORY (CATEGORYID, NAME) VALUES (7, 'Přílohy');
INSERT INTO CATEGORY (CATEGORYID, NAME) VALUES (8, 'Alkoholické nápoje');
INSERT INTO CATEGORY (CATEGORYID, NAME) VALUES (9, 'Nealkoholické nápoje');



-- predkrmy
INSERT INTO MENU_ITEM (MENU_ITEMID, DESCRIPTION, GRAMMAGE, IN_MENU, NAME, PRICE, PRODUCTION_PRICE, CATEGORY_REFERENCE) VALUES (1, 'se švestkovým chutney a selským chlebem', '100 g', true, 'Kuřecí sandwitch', 259, 150, 1);
INSERT INTO MENU_ITEM (MENU_ITEMID, DESCRIPTION, GRAMMAGE, IN_MENU, NAME, PRICE, PRODUCTION_PRICE, CATEGORY_REFERENCE) VALUES (2, 's jablečným chutney a perníkovým chlebem', '100 g', true, 'Marinované Foie Gras', 339, 170, 1);
INSERT INTO MENU_ITEM (MENU_ITEMID, DESCRIPTION, GRAMMAGE, IN_MENU, NAME, PRICE, PRODUCTION_PRICE, CATEGORY_REFERENCE) VALUES (3, 's chilli dresinkem', '70 g', true, 'Tian z krevet a avokáda ', 257, 133, 1);
INSERT INTO MENU_ITEM (MENU_ITEMID, DESCRIPTION, GRAMMAGE, IN_MENU, NAME, PRICE, PRODUCTION_PRICE, CATEGORY_REFERENCE) VALUES (4, 's waldorfským salátem', '100 g', true, 'Jazyk z divočáka', 238, 140, 1);
INSERT INTO MENU_ITEM (MENU_ITEMID, DESCRIPTION, GRAMMAGE, IN_MENU, NAME, PRICE, PRODUCTION_PRICE, CATEGORY_REFERENCE) VALUES (5, 's topinkou ze selského chleba', '80 g', false, 'Paštika z husích jater', 247, 150, 1);
INSERT INTO MENU_ITEM (MENU_ITEMID, DESCRIPTION, GRAMMAGE, IN_MENU, NAME, PRICE, PRODUCTION_PRICE, CATEGORY_REFERENCE) VALUES (6, 'se šalotkou, estragonem a lanýžovým žloutkem', '90 g', true, 'Telecí tartar ', 273, 140, 1);
INSERT INTO MENU_ITEM (MENU_ITEMID, DESCRIPTION, GRAMMAGE, IN_MENU, NAME, PRICE, PRODUCTION_PRICE, CATEGORY_REFERENCE) VALUES (7, 'marinovaný v červené řepě, se salátem z okurek, ředkviček a fenyklu', '200 g', true, 'Divoký losos', 263, 155, 1);

-- polevky
INSERT INTO MENU_ITEM (MENU_ITEMID, DESCRIPTION, GRAMMAGE, IN_MENU, NAME, PRICE, PRODUCTION_PRICE, CATEGORY_REFERENCE) VALUES (8, '', '150 g', true, 'Francouzská cibulačka', 119, 55, 2);
INSERT INTO MENU_ITEM (MENU_ITEMID, DESCRIPTION, GRAMMAGE, IN_MENU, NAME, PRICE, PRODUCTION_PRICE, CATEGORY_REFERENCE) VALUES (9, 's játrovými knedlíčky a domácími nudlemi', '150 g', true, 'Kuřecí vývar', 115, 45, 2);
INSERT INTO MENU_ITEM (MENU_ITEMID, DESCRIPTION, GRAMMAGE, IN_MENU, NAME, PRICE, PRODUCTION_PRICE, CATEGORY_REFERENCE) VALUES (10, 'se ztraceným vejcem', '150 g', false, 'Kulajda', 115, 50, 2);

-- salaty
INSERT INTO MENU_ITEM (MENU_ITEMID, DESCRIPTION, GRAMMAGE, IN_MENU, NAME, PRICE, PRODUCTION_PRICE, CATEGORY_REFERENCE) VALUES (11, 's červenou řepou a levandulovým medem', '200 g', true, 'Salát se zapečeným kozím sýrem', 249, 133, 3);
INSERT INTO MENU_ITEM (MENU_ITEMID, DESCRIPTION, GRAMMAGE, IN_MENU, NAME, PRICE, PRODUCTION_PRICE, CATEGORY_REFERENCE) VALUES (12, 's pečenou zeleninou a balsamico dresinkem', '200 g', true, 'Míchaný salát s uzenou kachnou', 269, 145, 3);
INSERT INTO MENU_ITEM (MENU_ITEMID, DESCRIPTION, GRAMMAGE, IN_MENU, NAME, PRICE, PRODUCTION_PRICE, CATEGORY_REFERENCE) VALUES (13, 's pomerančovými filátky, ořechy a domácím dresinkem', '200 g', true, 'Čekankový salát', 227, 145, 3);
INSERT INTO MENU_ITEM (MENU_ITEMID, DESCRIPTION, GRAMMAGE, IN_MENU, NAME, PRICE, PRODUCTION_PRICE, CATEGORY_REFERENCE) VALUES (14, 's česnekovými krutóny a parmezánem', '200 g', false, 'Salát Caesar', 229, 120, 3);
INSERT INTO MENU_ITEM (MENU_ITEMID, DESCRIPTION, GRAMMAGE, IN_MENU, NAME, PRICE, PRODUCTION_PRICE, CATEGORY_REFERENCE) VALUES (15, '', '200 g', true, 'Porce kuřete na salát', 93, 34, 3);

-- sendvice
INSERT INTO MENU_ITEM (MENU_ITEMID, DESCRIPTION, GRAMMAGE, IN_MENU, NAME, PRICE, PRODUCTION_PRICE, CATEGORY_REFERENCE) VALUES (16, 's hranolky a slaninou', '300 g', true, 'Kuřecí Club sandwich', 267, 120, 4);
INSERT INTO MENU_ITEM (MENU_ITEMID, DESCRIPTION, GRAMMAGE, IN_MENU, NAME, PRICE, PRODUCTION_PRICE, CATEGORY_REFERENCE) VALUES (17, 's čedarem a grilovanou cibulí', '400 g', true, 'Hamburger „Dvouručák“', 267, 150, 4);
INSERT INTO MENU_ITEM (MENU_ITEMID, DESCRIPTION, GRAMMAGE, IN_MENU, NAME, PRICE, PRODUCTION_PRICE, CATEGORY_REFERENCE) VALUES (18, 's míchaným salátem nebo hranolky', '300 g', true, 'Croque Monsieur', 247, 136, 4);

-- Vegetariansky vyber
INSERT INTO MENU_ITEM (MENU_ITEMID, DESCRIPTION, GRAMMAGE, IN_MENU, NAME, PRICE, PRODUCTION_PRICE, CATEGORY_REFERENCE) VALUES (19, 's rajčaty, bazalkou a ovčím sýrem', '250 g', true, 'Opékaný lilek', 259, 150, 5);
INSERT INTO MENU_ITEM (MENU_ITEMID, DESCRIPTION, GRAMMAGE, IN_MENU, NAME, PRICE, PRODUCTION_PRICE, CATEGORY_REFERENCE) VALUES (20, 'se šalvějovou omáčkou', '250 g', false, 'Tortellini plněné dýní', 269, 155, 5);
INSERT INTO MENU_ITEM (MENU_ITEMID, DESCRIPTION, GRAMMAGE, IN_MENU, NAME, PRICE, PRODUCTION_PRICE, CATEGORY_REFERENCE) VALUES (21, 'se šampaňskou omáčkou', '250 g', true, 'Lanýžové gnocchi', 297, 178, 5);


-- hlavni chody
INSERT INTO MENU_ITEM (MENU_ITEMID, DESCRIPTION, GRAMMAGE, IN_MENU, NAME, PRICE, PRODUCTION_PRICE, CATEGORY_REFERENCE) VALUES (22, 's estragonovou omáčkou a savojskou kapustou', '300 g', true, 'Kuřecí roláda', 329, 182, 6);
INSERT INTO MENU_ITEM (MENU_ITEMID, DESCRIPTION, GRAMMAGE, IN_MENU, NAME, PRICE, PRODUCTION_PRICE, CATEGORY_REFERENCE) VALUES (23, 'se zelinovým kuskusem a omáčkou ze sušemých rajčay', '300 g', true, 'Prsa z kukuřičného kuřete', 195, 150, 6);
INSERT INTO MENU_ITEM (MENU_ITEMID, DESCRIPTION, GRAMMAGE, IN_MENU, NAME, PRICE, PRODUCTION_PRICE, CATEGORY_REFERENCE) VALUES (24, 'se zeleninou a houbami shiitake', '300 g', false, 'Teriyaku losos', 389, 200, 6);
INSERT INTO MENU_ITEM (MENU_ITEMID, DESCRIPTION, GRAMMAGE, IN_MENU, NAME, PRICE, PRODUCTION_PRICE, CATEGORY_REFERENCE) VALUES (25, 's fenyklovou krustou a zeleninovou ratatouille', '300 g', true, 'Grilovaný tuňák', 427, 205, 6);
INSERT INTO MENU_ITEM (MENU_ITEMID, DESCRIPTION, GRAMMAGE, IN_MENU, NAME, PRICE, PRODUCTION_PRICE, CATEGORY_REFERENCE) VALUES (26, 's houbovým pyré', '300 g', true, 'Pečená křepelka Foie Gras', 415, 205, 6);
INSERT INTO MENU_ITEM (MENU_ITEMID, DESCRIPTION, GRAMMAGE, IN_MENU, NAME, PRICE, PRODUCTION_PRICE, CATEGORY_REFERENCE) VALUES (27, 's omáčkou z brandy a zeleného pepře', '300 g', false, 'Hanger steak', 449, 235, 6);
INSERT INTO MENU_ITEM (MENU_ITEMID, DESCRIPTION, GRAMMAGE, IN_MENU, NAME, PRICE, PRODUCTION_PRICE, CATEGORY_REFERENCE) VALUES (28, 's fazolovým ragú a omáčkou z českého česneku', '300 g', true, 'Iberská vepřová kotleta', 397, 220, 6);
INSERT INTO MENU_ITEM (MENU_ITEMID, DESCRIPTION, GRAMMAGE, IN_MENU, NAME, PRICE, PRODUCTION_PRICE, CATEGORY_REFERENCE) VALUES (29, 's mandlovými kroketami', '300 g', true, 'Kanec na šípkách', 359, 185, 6);

-- prilohy
INSERT INTO MENU_ITEM (MENU_ITEMID, DESCRIPTION, GRAMMAGE, IN_MENU, NAME, PRICE, PRODUCTION_PRICE, CATEGORY_REFERENCE) VALUES (30, '', '150 g', true, 'Bramborová kaše', 79, 20, 7);
INSERT INTO MENU_ITEM (MENU_ITEMID, DESCRIPTION, GRAMMAGE, IN_MENU, NAME, PRICE, PRODUCTION_PRICE, CATEGORY_REFERENCE) VALUES (31, '', '150g', true, 'Bramborové hranolky', 79, 20, 7);
INSERT INTO MENU_ITEM (MENU_ITEMID, DESCRIPTION, GRAMMAGE, IN_MENU, NAME, PRICE, PRODUCTION_PRICE, CATEGORY_REFERENCE) VALUES (32, '', '150 g', true, 'Zapékané brambory', 79, 20, 7);
INSERT INTO MENU_ITEM (MENU_ITEMID, DESCRIPTION, GRAMMAGE, IN_MENU, NAME, PRICE, PRODUCTION_PRICE, CATEGORY_REFERENCE) VALUES (33, '', '150 g', true, 'Denní nabídka zeleniny', 79, 20, 7);
INSERT INTO MENU_ITEM (MENU_ITEMID, DESCRIPTION, GRAMMAGE, IN_MENU, NAME, PRICE, PRODUCTION_PRICE, CATEGORY_REFERENCE) VALUES (34, 's domácím dresingem', '150 g', true, 'Míchaný listový salát', 79, 20, 7);
INSERT INTO MENU_ITEM (MENU_ITEMID, DESCRIPTION, GRAMMAGE, IN_MENU, NAME, PRICE, PRODUCTION_PRICE, CATEGORY_REFERENCE) VALUES (35, 's koprem a kysanou smetanou', '150 g', false, 'Okurkový salát', 79, 20, 7);
INSERT INTO MENU_ITEM (MENU_ITEMID, DESCRIPTION, GRAMMAGE, IN_MENU, NAME, PRICE, PRODUCTION_PRICE, CATEGORY_REFERENCE) VALUES (36, 's cibulí a kerblékem', '150 g', false, 'Rajčatový salát', 79, 20, 7);
INSERT INTO MENU_ITEM (MENU_ITEMID, DESCRIPTION, GRAMMAGE, IN_MENU, NAME, PRICE, PRODUCTION_PRICE, CATEGORY_REFERENCE) VALUES (37, 's pomazánkou', '150 g', true, 'Košík pečiva', 49, 10, 7);


-- Alkoholicke napoje
INSERT INTO MENU_ITEM (MENU_ITEMID, DESCRIPTION, GRAMMAGE, IN_MENU, NAME, PRICE, PRODUCTION_PRICE, CATEGORY_REFERENCE) VALUES (38, '', '0,30 l', true, 'Pilsner Urquell', 59, 10, 8);
INSERT INTO MENU_ITEM (MENU_ITEMID, DESCRIPTION, GRAMMAGE, IN_MENU, NAME, PRICE, PRODUCTION_PRICE, CATEGORY_REFERENCE) VALUES (39, '', '0,50 l', true, 'Pilsner Urquell', 69, 15, 8);
INSERT INTO MENU_ITEM (MENU_ITEMID, DESCRIPTION, GRAMMAGE, IN_MENU, NAME, PRICE, PRODUCTION_PRICE, CATEGORY_REFERENCE) VALUES (40, '', '0,30 l', false, 'Kozel', 49, 10, 8);
INSERT INTO MENU_ITEM (MENU_ITEMID, DESCRIPTION, GRAMMAGE, IN_MENU, NAME, PRICE, PRODUCTION_PRICE, CATEGORY_REFERENCE) VALUES (41, '', '0,50 l', true, 'Kozel', 59, 10, 8);
INSERT INTO MENU_ITEM (MENU_ITEMID, DESCRIPTION, GRAMMAGE, IN_MENU, NAME, PRICE, PRODUCTION_PRICE, CATEGORY_REFERENCE) VALUES (42, '', '0,35 l', true, 'Víno', 49, 10, 8);
INSERT INTO MENU_ITEM (MENU_ITEMID, DESCRIPTION, GRAMMAGE, IN_MENU, NAME, PRICE, PRODUCTION_PRICE, CATEGORY_REFERENCE) VALUES (43, 'bezlepkové', '0,50 l', true, 'Bernard', 49, 10, 8);


-- Nealkoholicke napoje
INSERT INTO MENU_ITEM (MENU_ITEMID, DESCRIPTION, GRAMMAGE, IN_MENU, NAME, PRICE, PRODUCTION_PRICE, CATEGORY_REFERENCE) VALUES (44, '', '1 l', true, 'Džbán vody s citronem', 25, 1, 9);
INSERT INTO MENU_ITEM (MENU_ITEMID, DESCRIPTION, GRAMMAGE, IN_MENU, NAME, PRICE, PRODUCTION_PRICE, CATEGORY_REFERENCE) VALUES (45, '', '0,25 l', false, 'Čerstvý džus', 45, 10, 9);
INSERT INTO MENU_ITEM (MENU_ITEMID, DESCRIPTION, GRAMMAGE, IN_MENU, NAME, PRICE, PRODUCTION_PRICE, CATEGORY_REFERENCE) VALUES (46, '', '0,4 l', true, 'Čerstvý džus', 55, 10, 9);
INSERT INTO MENU_ITEM (MENU_ITEMID, DESCRIPTION, GRAMMAGE, IN_MENU, NAME, PRICE, PRODUCTION_PRICE, CATEGORY_REFERENCE) VALUES (47, '', '0,5 l', true, 'Birrel', 45, 10, 9);
INSERT INTO MENU_ITEM (MENU_ITEMID, DESCRIPTION, GRAMMAGE, IN_MENU, NAME, PRICE, PRODUCTION_PRICE, CATEGORY_REFERENCE) VALUES (48, '', '0,5 l ', false, 'Birrel polotmavý', 55, 15, 9);
INSERT INTO MENU_ITEM (MENU_ITEMID, DESCRIPTION, GRAMMAGE, IN_MENU, NAME, PRICE, PRODUCTION_PRICE, CATEGORY_REFERENCE) VALUES (49, '', '0,3 l', true, 'Kofola', 35, 10, 9);
INSERT INTO MENU_ITEM (MENU_ITEMID, DESCRIPTION, GRAMMAGE, IN_MENU, NAME, PRICE, PRODUCTION_PRICE, CATEGORY_REFERENCE) VALUES (50, '', '0,5 l', true, 'Kofola', 45, 18, 9);


INSERT INTO PLACE_OF_RESERVATION(PLACEID, NUMBER_OF_SEATS, TYPE) VALUES (1, 4, 'TABLE');
INSERT INTO PLACE_OF_RESERVATION(PLACEID, NUMBER_OF_SEATS, TYPE) VALUES (2, 4, 'TABLE');
INSERT INTO PLACE_OF_RESERVATION(PLACEID, NUMBER_OF_SEATS, TYPE) VALUES (3, 4, 'TABLE');
INSERT INTO PLACE_OF_RESERVATION(PLACEID, NUMBER_OF_SEATS, TYPE) VALUES (4, 4, 'TABLE');
INSERT INTO PLACE_OF_RESERVATION(PLACEID, NUMBER_OF_SEATS, TYPE) VALUES (5, 4, 'TABLE');
INSERT INTO PLACE_OF_RESERVATION(PLACEID, NUMBER_OF_SEATS, TYPE) VALUES (6, 4, 'TABLE');
INSERT INTO PLACE_OF_RESERVATION(PLACEID, NUMBER_OF_SEATS, TYPE) VALUES (7, 4, 'TABLE');
INSERT INTO PLACE_OF_RESERVATION(PLACEID, NUMBER_OF_SEATS, TYPE) VALUES (8, 6, 'TABLE');
INSERT INTO PLACE_OF_RESERVATION(PLACEID, NUMBER_OF_SEATS, TYPE) VALUES (9, 6, 'TABLE');
INSERT INTO PLACE_OF_RESERVATION(PLACEID, NUMBER_OF_SEATS, TYPE) VALUES (10, 6, 'TABLE');
INSERT INTO PLACE_OF_RESERVATION(PLACEID, NUMBER_OF_SEATS, TYPE) VALUES (11, 6, 'TABLE');
INSERT INTO PLACE_OF_RESERVATION(PLACEID, NUMBER_OF_SEATS, TYPE) VALUES (12, 6, 'TABLE');
INSERT INTO PLACE_OF_RESERVATION(PLACEID, NUMBER_OF_SEATS, TYPE) VALUES (13, 6, 'TABLE');
INSERT INTO PLACE_OF_RESERVATION(PLACEID, NUMBER_OF_SEATS, TYPE) VALUES (14, 6, 'TABLE');
INSERT INTO PLACE_OF_RESERVATION(PLACEID, NUMBER_OF_SEATS, TYPE) VALUES (15, 6, 'TABLE');
INSERT INTO PLACE_OF_RESERVATION(PLACEID, NUMBER_OF_SEATS, TYPE) VALUES (16, 6, 'TABLE');
INSERT INTO PLACE_OF_RESERVATION(PLACEID, NUMBER_OF_SEATS, TYPE) VALUES (17, 8, 'TABLE');
INSERT INTO PLACE_OF_RESERVATION(PLACEID, NUMBER_OF_SEATS, TYPE) VALUES (18, 8, 'TABLE');
INSERT INTO PLACE_OF_RESERVATION(PLACEID, NUMBER_OF_SEATS, TYPE) VALUES (19, 8, 'TABLE');
INSERT INTO PLACE_OF_RESERVATION(PLACEID, NUMBER_OF_SEATS, TYPE) VALUES (20, 18, 'LOUNGE');
INSERT INTO PLACE_OF_RESERVATION(PLACEID, NUMBER_OF_SEATS, TYPE) VALUES (21, 40, 'LOUNGE');



-- reservations
INSERT INTO RESERVATION (RESERVATIONID, CODE_FOR_DELETE, END_OF_RESERVATION_DATE, EXPECTED_NUMBER_OF_GUESTS, START_OF_RESERVATION_DATE, STATE, PLACE_OF_RESERVATION_REFERENCE, USER_REFERENCE) VALUES (1, '=6D_Lxtggm', TO_TIMESTAMP('2021-04-18 15:00:00.000000', 'YYYY-MM-DD HH24:MI:SS.FF6'), 6, TO_TIMESTAMP('2021-04-18 11:00:00.000000', 'YYYY-MM-DD HH24:MI:SS.FF6'), 'APPROVED', 17, 10);
INSERT INTO RESERVATION (RESERVATIONID, CODE_FOR_DELETE, END_OF_RESERVATION_DATE, EXPECTED_NUMBER_OF_GUESTS, START_OF_RESERVATION_DATE, STATE, PLACE_OF_RESERVATION_REFERENCE, USER_REFERENCE) VALUES (2, 'PcE>jrh:YP', TO_TIMESTAMP('2021-04-18 14:20:00.000000', 'YYYY-MM-DD HH24:MI:SS.FF6'), 4, TO_TIMESTAMP('2021-04-18 11:20:00.000000', 'YYYY-MM-DD HH24:MI:SS.FF6'), 'APPROVED', 2, 10);
INSERT INTO RESERVATION (RESERVATIONID, CODE_FOR_DELETE, END_OF_RESERVATION_DATE, EXPECTED_NUMBER_OF_GUESTS, START_OF_RESERVATION_DATE, STATE, PLACE_OF_RESERVATION_REFERENCE, USER_REFERENCE) VALUES (3, 'k@G??C75Nt', TO_TIMESTAMP('2021-04-18 14:00:00.000000', 'YYYY-MM-DD HH24:MI:SS.FF6'), 4, TO_TIMESTAMP('2021-04-18 10:00:00.000000', 'YYYY-MM-DD HH24:MI:SS.FF6'), 'APPROVED', 6, 11);
INSERT INTO RESERVATION (RESERVATIONID, CODE_FOR_DELETE, END_OF_RESERVATION_DATE, EXPECTED_NUMBER_OF_GUESTS, START_OF_RESERVATION_DATE, STATE, PLACE_OF_RESERVATION_REFERENCE, USER_REFERENCE) VALUES (4, 'J:k[IpdUwe', TO_TIMESTAMP('2021-04-18 18:00:00.000000', 'YYYY-MM-DD HH24:MI:SS.FF6'), 6, TO_TIMESTAMP('2021-04-18 14:00:00.000000', 'YYYY-MM-DD HH24:MI:SS.FF6'), 'APPROVED', 8, 12);
INSERT INTO RESERVATION (RESERVATIONID, CODE_FOR_DELETE, END_OF_RESERVATION_DATE, EXPECTED_NUMBER_OF_GUESTS, START_OF_RESERVATION_DATE, STATE, PLACE_OF_RESERVATION_REFERENCE, USER_REFERENCE) VALUES (5, '[D[Ffk_vbV', TO_TIMESTAMP('2021-04-18 17:00:00.000000', 'YYYY-MM-DD HH24:MI:SS.FF6'), 8, TO_TIMESTAMP('2021-04-18 13:00:00.000000', 'YYYY-MM-DD HH24:MI:SS.FF6'), 'APPROVED', 19, 13);
INSERT INTO RESERVATION (RESERVATIONID, CODE_FOR_DELETE, END_OF_RESERVATION_DATE, EXPECTED_NUMBER_OF_GUESTS, START_OF_RESERVATION_DATE, STATE, PLACE_OF_RESERVATION_REFERENCE, USER_REFERENCE) VALUES (6, 'TgfdIpFqHH', TO_TIMESTAMP('2021-04-18 13:00:00.000000', 'YYYY-MM-DD HH24:MI:SS.FF6'), 4, TO_TIMESTAMP('2021-04-18 10:00:00.000000', 'YYYY-MM-DD HH24:MI:SS.FF6'), 'APPROVED', 3, 14);
INSERT INTO RESERVATION (RESERVATIONID, CODE_FOR_DELETE, END_OF_RESERVATION_DATE, EXPECTED_NUMBER_OF_GUESTS, START_OF_RESERVATION_DATE, STATE, PLACE_OF_RESERVATION_REFERENCE, USER_REFERENCE) VALUES (7, 'lEPf^y[j_R', TO_TIMESTAMP('2021-04-18 13:30:00.000000', 'YYYY-MM-DD HH24:MI:SS.FF6'), 4, TO_TIMESTAMP('2021-04-18 10:30:00.000000', 'YYYY-MM-DD HH24:MI:SS.FF6'), 'APPROVED', 1, 15);


-- RECEIPTS
INSERT INTO RECEIPT (RECEIPTID, CREATED_AT) VALUES (1, TO_TIMESTAMP('2021-05-29 10:26:12.000000', 'YYYY-MM-DD HH24:MI:SS.FF6'));
INSERT INTO RECEIPT (RECEIPTID, CREATED_AT) VALUES (2, TO_TIMESTAMP('2021-05-29 10:26:21.000000', 'YYYY-MM-DD HH24:MI:SS.FF6'));
INSERT INTO RECEIPT (RECEIPTID, CREATED_AT) VALUES (3, TO_TIMESTAMP('2021-05-29 10:26:32.000000', 'YYYY-MM-DD HH24:MI:SS.FF6'));
INSERT INTO RECEIPT (RECEIPTID, CREATED_AT) VALUES (4, TO_TIMESTAMP('2021-05-29 10:26:54.000000', 'YYYY-MM-DD HH24:MI:SS.FF6'));
INSERT INTO RECEIPT (RECEIPTID, CREATED_AT) VALUES (5, TO_TIMESTAMP('2021-05-29 10:27:01.000000', 'YYYY-MM-DD HH24:MI:SS.FF6'));
INSERT INTO RECEIPT (RECEIPTID, CREATED_AT) VALUES (6, TO_TIMESTAMP('2021-05-29 10:27:16.000000', 'YYYY-MM-DD HH24:MI:SS.FF6'));


-- Order Items

INSERT INTO ORDER_ITEM (ORDER_ITEMID, CREATED_AT, SPECIAL_REQUIREMENT, STATE, MENU_ITEM_REFERENCE, PLACE_OF_RESERVATION_REFERENCE, RECEIPT_REFERENCE) VALUES (1, TO_TIMESTAMP('2020-04-22 10:20:31.497000', 'YYYY-MM-DD HH24:MI:SS.FF6'), null, 'PAID', 42, 1, 2);
INSERT INTO ORDER_ITEM (ORDER_ITEMID, CREATED_AT, SPECIAL_REQUIREMENT, STATE, MENU_ITEM_REFERENCE, PLACE_OF_RESERVATION_REFERENCE, RECEIPT_REFERENCE) VALUES (2, TO_TIMESTAMP('2020-07-20 11:20:32.599000', 'YYYY-MM-DD HH24:MI:SS.FF6'), null, 'PAID', 23, 1, 2);
INSERT INTO ORDER_ITEM (ORDER_ITEMID, CREATED_AT, SPECIAL_REQUIREMENT, STATE, MENU_ITEM_REFERENCE, PLACE_OF_RESERVATION_REFERENCE, RECEIPT_REFERENCE) VALUES (3, TO_TIMESTAMP('2020-08-11 11:20:33.385000', 'YYYY-MM-DD HH24:MI:SS.FF6'), null, 'PAID', 25, 1, 2);
INSERT INTO ORDER_ITEM (ORDER_ITEMID, CREATED_AT, SPECIAL_REQUIREMENT, STATE, MENU_ITEM_REFERENCE, PLACE_OF_RESERVATION_REFERENCE, RECEIPT_REFERENCE) VALUES (4, TO_TIMESTAMP('2021-05-22 11:20:33.840000', 'YYYY-MM-DD HH24:MI:SS.FF6'), null, 'PAID', 28, 1, 2);
INSERT INTO ORDER_ITEM (ORDER_ITEMID, CREATED_AT, SPECIAL_REQUIREMENT, STATE, MENU_ITEM_REFERENCE, PLACE_OF_RESERVATION_REFERENCE, RECEIPT_REFERENCE) VALUES (5, TO_TIMESTAMP('2021-03-11 12:20:35.204000', 'YYYY-MM-DD HH24:MI:SS.FF6'), null, 'PAID', 29, 1, 2);
INSERT INTO ORDER_ITEM (ORDER_ITEMID, CREATED_AT, SPECIAL_REQUIREMENT, STATE, MENU_ITEM_REFERENCE, PLACE_OF_RESERVATION_REFERENCE, RECEIPT_REFERENCE) VALUES (6, TO_TIMESTAMP('2021-05-11 13:20:36.027000', 'YYYY-MM-DD HH24:MI:SS.FF6'), null, 'PAID', 44, 1, 2);
INSERT INTO ORDER_ITEM (ORDER_ITEMID, CREATED_AT, SPECIAL_REQUIREMENT, STATE, MENU_ITEM_REFERENCE, PLACE_OF_RESERVATION_REFERENCE, RECEIPT_REFERENCE) VALUES (7, TO_TIMESTAMP('2021-04-04 13:20:36.665000', 'YYYY-MM-DD HH24:MI:SS.FF6'), null, 'PAID', 47, 1, 2);
INSERT INTO ORDER_ITEM (ORDER_ITEMID, CREATED_AT, SPECIAL_REQUIREMENT, STATE, MENU_ITEM_REFERENCE, PLACE_OF_RESERVATION_REFERENCE, RECEIPT_REFERENCE) VALUES (8, TO_TIMESTAMP('2021-05-02 13:20:37.050000', 'YYYY-MM-DD HH24:MI:SS.FF6'), null, 'PAID', 49, 1, 2);
INSERT INTO ORDER_ITEM (ORDER_ITEMID, CREATED_AT, SPECIAL_REQUIREMENT, STATE, MENU_ITEM_REFERENCE, PLACE_OF_RESERVATION_REFERENCE, RECEIPT_REFERENCE) VALUES (9, TO_TIMESTAMP('2021-05-14 11:20:38.228000', 'YYYY-MM-DD HH24:MI:SS.FF6'), null, 'PAID', 8, 1, 2);
INSERT INTO ORDER_ITEM (ORDER_ITEMID, CREATED_AT, SPECIAL_REQUIREMENT, STATE, MENU_ITEM_REFERENCE, PLACE_OF_RESERVATION_REFERENCE, RECEIPT_REFERENCE) VALUES (10, TO_TIMESTAMP('2021-03-20 13:20:40.679000', 'YYYY-MM-DD HH24:MI:SS.FF6'), null, 'PAID', 4, 1, 2);
INSERT INTO ORDER_ITEM (ORDER_ITEMID, CREATED_AT, SPECIAL_REQUIREMENT, STATE, MENU_ITEM_REFERENCE, PLACE_OF_RESERVATION_REFERENCE, RECEIPT_REFERENCE) VALUES (11, TO_TIMESTAMP('2021-05-14 13:20:41.045000', 'YYYY-MM-DD HH24:MI:SS.FF6'), null, 'PAID', 3, 1, 2);
INSERT INTO ORDER_ITEM (ORDER_ITEMID, CREATED_AT, SPECIAL_REQUIREMENT, STATE, MENU_ITEM_REFERENCE, PLACE_OF_RESERVATION_REFERENCE, RECEIPT_REFERENCE) VALUES (12, TO_TIMESTAMP('2020-09-10 14:20:41.955000', 'YYYY-MM-DD HH24:MI:SS.FF6'), null, 'PAID', 32, 1, 2);
INSERT INTO ORDER_ITEM (ORDER_ITEMID, CREATED_AT, SPECIAL_REQUIREMENT, STATE, MENU_ITEM_REFERENCE, PLACE_OF_RESERVATION_REFERENCE, RECEIPT_REFERENCE) VALUES (13, TO_TIMESTAMP('2020-09-22 13:20:43.041000', 'YYYY-MM-DD HH24:MI:SS.FF6'), null, 'PAID', 33, 1, 2);
INSERT INTO ORDER_ITEM (ORDER_ITEMID, CREATED_AT, SPECIAL_REQUIREMENT, STATE, MENU_ITEM_REFERENCE, PLACE_OF_RESERVATION_REFERENCE, RECEIPT_REFERENCE) VALUES (14, TO_TIMESTAMP('2021-05-14 13:20:43.520000', 'YYYY-MM-DD HH24:MI:SS.FF6'), null, 'PAID', 31, 1, 2);
INSERT INTO ORDER_ITEM (ORDER_ITEMID, CREATED_AT, SPECIAL_REQUIREMENT, STATE, MENU_ITEM_REFERENCE, PLACE_OF_RESERVATION_REFERENCE, RECEIPT_REFERENCE) VALUES (15, TO_TIMESTAMP('2021-05-13 19:20:43.968000', 'YYYY-MM-DD HH24:MI:SS.FF6'), null, 'PAID', 30, 1, 2);
INSERT INTO ORDER_ITEM (ORDER_ITEMID, CREATED_AT, SPECIAL_REQUIREMENT, STATE, MENU_ITEM_REFERENCE, PLACE_OF_RESERVATION_REFERENCE, RECEIPT_REFERENCE) VALUES (16, TO_TIMESTAMP('2021-05-14 20:20:46.282000', 'YYYY-MM-DD HH24:MI:SS.FF6'), null, 'PAID', 11, 1, 2);
INSERT INTO ORDER_ITEM (ORDER_ITEMID, CREATED_AT, SPECIAL_REQUIREMENT, STATE, MENU_ITEM_REFERENCE, PLACE_OF_RESERVATION_REFERENCE, RECEIPT_REFERENCE) VALUES (17, TO_TIMESTAMP('2020-04-18 15:20:46.644000', 'YYYY-MM-DD HH24:MI:SS.FF6'), null, 'PAID', 11, 1, 2);
INSERT INTO ORDER_ITEM (ORDER_ITEMID, CREATED_AT, SPECIAL_REQUIREMENT, STATE, MENU_ITEM_REFERENCE, PLACE_OF_RESERVATION_REFERENCE, RECEIPT_REFERENCE) VALUES (18, TO_TIMESTAMP('2020-04-04 16:20:47.958000', 'YYYY-MM-DD HH24:MI:SS.FF6'), null, 'PAID', 17, 1, 2);
INSERT INTO ORDER_ITEM (ORDER_ITEMID, CREATED_AT, SPECIAL_REQUIREMENT, STATE, MENU_ITEM_REFERENCE, PLACE_OF_RESERVATION_REFERENCE, RECEIPT_REFERENCE) VALUES (19, TO_TIMESTAMP('2020-09-04 19:20:59.621000', 'YYYY-MM-DD HH24:MI:SS.FF6'), null, 'PAID', 22, 3, 1);
INSERT INTO ORDER_ITEM (ORDER_ITEMID, CREATED_AT, SPECIAL_REQUIREMENT, STATE, MENU_ITEM_REFERENCE, PLACE_OF_RESERVATION_REFERENCE, RECEIPT_REFERENCE) VALUES (20, TO_TIMESTAMP('2021-01-30 13:20:59.975000', 'YYYY-MM-DD HH24:MI:SS.FF6'), null, 'PAID', 25, 3, 1);
INSERT INTO ORDER_ITEM (ORDER_ITEMID, CREATED_AT, SPECIAL_REQUIREMENT, STATE, MENU_ITEM_REFERENCE, PLACE_OF_RESERVATION_REFERENCE, RECEIPT_REFERENCE) VALUES (21, TO_TIMESTAMP('2021-03-30 13:21:00.549000', 'YYYY-MM-DD HH24:MI:SS.FF6'), null, 'PAID', 43, 3, 1);
INSERT INTO ORDER_ITEM (ORDER_ITEMID, CREATED_AT, SPECIAL_REQUIREMENT, STATE, MENU_ITEM_REFERENCE, PLACE_OF_RESERVATION_REFERENCE, RECEIPT_REFERENCE) VALUES (22, TO_TIMESTAMP('2020-07-14 13:21:01.178000', 'YYYY-MM-DD HH24:MI:SS.FF6'), null, 'PAID', 42, 3, 1);
INSERT INTO ORDER_ITEM (ORDER_ITEMID, CREATED_AT, SPECIAL_REQUIREMENT, STATE, MENU_ITEM_REFERENCE, PLACE_OF_RESERVATION_REFERENCE, RECEIPT_REFERENCE) VALUES (23, TO_TIMESTAMP('2020-04-14 13:21:03.301000', 'YYYY-MM-DD HH24:MI:SS.FF6'), null, 'PAID', 9, 3, 1);
INSERT INTO ORDER_ITEM (ORDER_ITEMID, CREATED_AT, SPECIAL_REQUIREMENT, STATE, MENU_ITEM_REFERENCE, PLACE_OF_RESERVATION_REFERENCE, RECEIPT_REFERENCE) VALUES (24, TO_TIMESTAMP('2020-04-11 14:21:03.893000', 'YYYY-MM-DD HH24:MI:SS.FF6'), null, 'PAID', 9, 3, 1);
INSERT INTO ORDER_ITEM (ORDER_ITEMID, CREATED_AT, SPECIAL_REQUIREMENT, STATE, MENU_ITEM_REFERENCE, PLACE_OF_RESERVATION_REFERENCE, RECEIPT_REFERENCE) VALUES (25, TO_TIMESTAMP('2021-04-24 14:21:17.621000', 'YYYY-MM-DD HH24:MI:SS.FF6'), null, 'PAID', 30, 3, 1);
INSERT INTO ORDER_ITEM (ORDER_ITEMID, CREATED_AT, SPECIAL_REQUIREMENT, STATE, MENU_ITEM_REFERENCE, PLACE_OF_RESERVATION_REFERENCE, RECEIPT_REFERENCE) VALUES (26, TO_TIMESTAMP('2020-04-26 14:21:14.020000', 'YYYY-MM-DD HH24:MI:SS.FF6'), null, 'PAID', 2, 3, 1);
INSERT INTO ORDER_ITEM (ORDER_ITEMID, CREATED_AT, SPECIAL_REQUIREMENT, STATE, MENU_ITEM_REFERENCE, PLACE_OF_RESERVATION_REFERENCE, RECEIPT_REFERENCE) VALUES (27, TO_TIMESTAMP('2020-04-10 14:21:15.493000', 'YYYY-MM-DD HH24:MI:SS.FF6'), null, 'PAID', 6, 3, 1);
INSERT INTO ORDER_ITEM (ORDER_ITEMID, CREATED_AT, SPECIAL_REQUIREMENT, STATE, MENU_ITEM_REFERENCE, PLACE_OF_RESERVATION_REFERENCE, RECEIPT_REFERENCE) VALUES (28, TO_TIMESTAMP('2020-04-11 15:21:17.971000', 'YYYY-MM-DD HH24:MI:SS.FF6'), null, 'PAID', 30, 3, 1);
INSERT INTO ORDER_ITEM (ORDER_ITEMID, CREATED_AT, SPECIAL_REQUIREMENT, STATE, MENU_ITEM_REFERENCE, PLACE_OF_RESERVATION_REFERENCE, RECEIPT_REFERENCE) VALUES (29, TO_TIMESTAMP('2021-05-20 15:21:28.094000', 'YYYY-MM-DD HH24:MI:SS.FF6'), null, 'PAID', 38, 11, 3);
INSERT INTO ORDER_ITEM (ORDER_ITEMID, CREATED_AT, SPECIAL_REQUIREMENT, STATE, MENU_ITEM_REFERENCE, PLACE_OF_RESERVATION_REFERENCE, RECEIPT_REFERENCE) VALUES (30, TO_TIMESTAMP('2021-05-20 16:21:28.504000', 'YYYY-MM-DD HH24:MI:SS.FF6'), null, 'PAID', 38, 11, 3);
INSERT INTO ORDER_ITEM (ORDER_ITEMID, CREATED_AT, SPECIAL_REQUIREMENT, STATE, MENU_ITEM_REFERENCE, PLACE_OF_RESERVATION_REFERENCE, RECEIPT_REFERENCE) VALUES (31, TO_TIMESTAMP('2021-04-20 16:21:28.890000', 'YYYY-MM-DD HH24:MI:SS.FF6'), null, 'PAID', 38, 11, 3);
INSERT INTO ORDER_ITEM (ORDER_ITEMID, CREATED_AT, SPECIAL_REQUIREMENT, STATE, MENU_ITEM_REFERENCE, PLACE_OF_RESERVATION_REFERENCE, RECEIPT_REFERENCE) VALUES (32, TO_TIMESTAMP('2021-04-20 17:21:29.310000', 'YYYY-MM-DD HH24:MI:SS.FF6'), null, 'PAID', 42, 11, 3);
INSERT INTO ORDER_ITEM (ORDER_ITEMID, CREATED_AT, SPECIAL_REQUIREMENT, STATE, MENU_ITEM_REFERENCE, PLACE_OF_RESERVATION_REFERENCE, RECEIPT_REFERENCE) VALUES (33, TO_TIMESTAMP('2021-04-20 17:21:29.796000', 'YYYY-MM-DD HH24:MI:SS.FF6'), null, 'PAID', 43, 11, 3);
INSERT INTO ORDER_ITEM (ORDER_ITEMID, CREATED_AT, SPECIAL_REQUIREMENT, STATE, MENU_ITEM_REFERENCE, PLACE_OF_RESERVATION_REFERENCE, RECEIPT_REFERENCE) VALUES (34, TO_TIMESTAMP('2021-04-20 17:21:30.686000', 'YYYY-MM-DD HH24:MI:SS.FF6'), null, 'PAID', 25, 11, 3);
INSERT INTO ORDER_ITEM (ORDER_ITEMID, CREATED_AT, SPECIAL_REQUIREMENT, STATE, MENU_ITEM_REFERENCE, PLACE_OF_RESERVATION_REFERENCE, RECEIPT_REFERENCE) VALUES (35, TO_TIMESTAMP('2021-04-20 17:21:30.958000', 'YYYY-MM-DD HH24:MI:SS.FF6'), null, 'PAID', 25, 11, 3);
INSERT INTO ORDER_ITEM (ORDER_ITEMID, CREATED_AT, SPECIAL_REQUIREMENT, STATE, MENU_ITEM_REFERENCE, PLACE_OF_RESERVATION_REFERENCE, RECEIPT_REFERENCE) VALUES (36, TO_TIMESTAMP('2021-04-20 17:21:31.467000', 'YYYY-MM-DD HH24:MI:SS.FF6'), null, 'PAID', 25, 11, 3);
INSERT INTO ORDER_ITEM (ORDER_ITEMID, CREATED_AT, SPECIAL_REQUIREMENT, STATE, MENU_ITEM_REFERENCE, PLACE_OF_RESERVATION_REFERENCE, RECEIPT_REFERENCE) VALUES (37, TO_TIMESTAMP('2021-04-20 19:21:31.708000', 'YYYY-MM-DD HH24:MI:SS.FF6'), null, 'PAID', 25, 11, 3);
INSERT INTO ORDER_ITEM (ORDER_ITEMID, CREATED_AT, SPECIAL_REQUIREMENT, STATE, MENU_ITEM_REFERENCE, PLACE_OF_RESERVATION_REFERENCE, RECEIPT_REFERENCE) VALUES (38, TO_TIMESTAMP('2021-04-20 19:21:32.262000', 'YYYY-MM-DD HH24:MI:SS.FF6'), null, 'PAID', 28, 11, 3);
INSERT INTO ORDER_ITEM (ORDER_ITEMID, CREATED_AT, SPECIAL_REQUIREMENT, STATE, MENU_ITEM_REFERENCE, PLACE_OF_RESERVATION_REFERENCE, RECEIPT_REFERENCE) VALUES (39, TO_TIMESTAMP('2021-04-20 18:21:33.871000', 'YYYY-MM-DD HH24:MI:SS.FF6'), null, 'PAID', 47, 11, 3);
INSERT INTO ORDER_ITEM (ORDER_ITEMID, CREATED_AT, SPECIAL_REQUIREMENT, STATE, MENU_ITEM_REFERENCE, PLACE_OF_RESERVATION_REFERENCE, RECEIPT_REFERENCE) VALUES (40, TO_TIMESTAMP('2021-04-20 18:21:35.230000', 'YYYY-MM-DD HH24:MI:SS.FF6'), null, 'PAID', 8, 11, 3);
INSERT INTO ORDER_ITEM (ORDER_ITEMID, CREATED_AT, SPECIAL_REQUIREMENT, STATE, MENU_ITEM_REFERENCE, PLACE_OF_RESERVATION_REFERENCE, RECEIPT_REFERENCE) VALUES (41, TO_TIMESTAMP('2021-04-20 18:21:35.492000', 'YYYY-MM-DD HH24:MI:SS.FF6'), null, 'PAID', 8, 11, 3);
INSERT INTO ORDER_ITEM (ORDER_ITEMID, CREATED_AT, SPECIAL_REQUIREMENT, STATE, MENU_ITEM_REFERENCE, PLACE_OF_RESERVATION_REFERENCE, RECEIPT_REFERENCE) VALUES (42, TO_TIMESTAMP('2021-04-20 18:21:35.766000', 'YYYY-MM-DD HH24:MI:SS.FF6'), null, 'PAID', 8, 11, 3);
INSERT INTO ORDER_ITEM (ORDER_ITEMID, CREATED_AT, SPECIAL_REQUIREMENT, STATE, MENU_ITEM_REFERENCE, PLACE_OF_RESERVATION_REFERENCE, RECEIPT_REFERENCE) VALUES (43, TO_TIMESTAMP('2021-05-20 18:21:36.014000', 'YYYY-MM-DD HH24:MI:SS.FF6'), null, 'PAID', 8, 11, 3);
INSERT INTO ORDER_ITEM (ORDER_ITEMID, CREATED_AT, SPECIAL_REQUIREMENT, STATE, MENU_ITEM_REFERENCE, PLACE_OF_RESERVATION_REFERENCE, RECEIPT_REFERENCE) VALUES (44, TO_TIMESTAMP('2020-07-20 18:21:36.291000', 'YYYY-MM-DD HH24:MI:SS.FF6'), null, 'PAID', 8, 11, 3);
INSERT INTO ORDER_ITEM (ORDER_ITEMID, CREATED_AT, SPECIAL_REQUIREMENT, STATE, MENU_ITEM_REFERENCE, PLACE_OF_RESERVATION_REFERENCE, RECEIPT_REFERENCE) VALUES (45, TO_TIMESTAMP('2020-07-20 18:21:36.533000', 'YYYY-MM-DD HH24:MI:SS.FF6'), null, 'PAID', 8, 11, 3);
INSERT INTO ORDER_ITEM (ORDER_ITEMID, CREATED_AT, SPECIAL_REQUIREMENT, STATE, MENU_ITEM_REFERENCE, PLACE_OF_RESERVATION_REFERENCE, RECEIPT_REFERENCE) VALUES (46, TO_TIMESTAMP('2020-07-20 19:21:39.216000', 'YYYY-MM-DD HH24:MI:SS.FF6'), null, 'PAID', 30, 11, 3);
INSERT INTO ORDER_ITEM (ORDER_ITEMID, CREATED_AT, SPECIAL_REQUIREMENT, STATE, MENU_ITEM_REFERENCE, PLACE_OF_RESERVATION_REFERENCE, RECEIPT_REFERENCE) VALUES (47, TO_TIMESTAMP('2020-08-20 20:21:39.734000', 'YYYY-MM-DD HH24:MI:SS.FF6'), null, 'PAID', 31, 11, 3);
INSERT INTO ORDER_ITEM (ORDER_ITEMID, CREATED_AT, SPECIAL_REQUIREMENT, STATE, MENU_ITEM_REFERENCE, PLACE_OF_RESERVATION_REFERENCE, RECEIPT_REFERENCE) VALUES (48, TO_TIMESTAMP('2020-08-20 20:21:40.214000', 'YYYY-MM-DD HH24:MI:SS.FF6'), null, 'PAID', 32, 11, 3);
INSERT INTO ORDER_ITEM (ORDER_ITEMID, CREATED_AT, SPECIAL_REQUIREMENT, STATE, MENU_ITEM_REFERENCE, PLACE_OF_RESERVATION_REFERENCE, RECEIPT_REFERENCE) VALUES (49, TO_TIMESTAMP('2020-09-20 20:21:40.636000', 'YYYY-MM-DD HH24:MI:SS.FF6'), null, 'PAID', 31, 11, 3);
INSERT INTO ORDER_ITEM (ORDER_ITEMID, CREATED_AT, SPECIAL_REQUIREMENT, STATE, MENU_ITEM_REFERENCE, PLACE_OF_RESERVATION_REFERENCE, RECEIPT_REFERENCE) VALUES (50, TO_TIMESTAMP('2021-05-20 20:21:41.241000', 'YYYY-MM-DD HH24:MI:SS.FF6'), null, 'PAID', 31, 11, 3);
INSERT INTO ORDER_ITEM (ORDER_ITEMID, CREATED_AT, SPECIAL_REQUIREMENT, STATE, MENU_ITEM_REFERENCE, PLACE_OF_RESERVATION_REFERENCE, RECEIPT_REFERENCE) VALUES (51, TO_TIMESTAMP('2021-05-20 21:21:41.786000', 'YYYY-MM-DD HH24:MI:SS.FF6'), null, 'PAID', 32, 11, 3);
INSERT INTO ORDER_ITEM (ORDER_ITEMID, CREATED_AT, SPECIAL_REQUIREMENT, STATE, MENU_ITEM_REFERENCE, PLACE_OF_RESERVATION_REFERENCE, RECEIPT_REFERENCE) VALUES (52, TO_TIMESTAMP('2021-04-20 21:21:50.764000', 'YYYY-MM-DD HH24:MI:SS.FF6'), null, 'PAID', 25, 9, 4);
INSERT INTO ORDER_ITEM (ORDER_ITEMID, CREATED_AT, SPECIAL_REQUIREMENT, STATE, MENU_ITEM_REFERENCE, PLACE_OF_RESERVATION_REFERENCE, RECEIPT_REFERENCE) VALUES (53, TO_TIMESTAMP('2021-04-20 21:21:51.437000', 'YYYY-MM-DD HH24:MI:SS.FF6'), null, 'PAID', 42, 9, 4);
INSERT INTO ORDER_ITEM (ORDER_ITEMID, CREATED_AT, SPECIAL_REQUIREMENT, STATE, MENU_ITEM_REFERENCE, PLACE_OF_RESERVATION_REFERENCE, RECEIPT_REFERENCE) VALUES (54, TO_TIMESTAMP('2021-04-20 19:21:52.396000', 'YYYY-MM-DD HH24:MI:SS.FF6'), null, 'PAID', 47, 9, 4);
INSERT INTO ORDER_ITEM (ORDER_ITEMID, CREATED_AT, SPECIAL_REQUIREMENT, STATE, MENU_ITEM_REFERENCE, PLACE_OF_RESERVATION_REFERENCE, RECEIPT_REFERENCE) VALUES (55, TO_TIMESTAMP('2021-04-20 20:21:52.794000', 'YYYY-MM-DD HH24:MI:SS.FF6'), null, 'PAID', 47, 9, 4);
INSERT INTO ORDER_ITEM (ORDER_ITEMID, CREATED_AT, SPECIAL_REQUIREMENT, STATE, MENU_ITEM_REFERENCE, PLACE_OF_RESERVATION_REFERENCE, RECEIPT_REFERENCE) VALUES (56, TO_TIMESTAMP('2021-05-20 13:21:53.839000', 'YYYY-MM-DD HH24:MI:SS.FF6'), null, 'PAID', 8, 9, 4);
INSERT INTO ORDER_ITEM (ORDER_ITEMID, CREATED_AT, SPECIAL_REQUIREMENT, STATE, MENU_ITEM_REFERENCE, PLACE_OF_RESERVATION_REFERENCE, RECEIPT_REFERENCE) VALUES (57, TO_TIMESTAMP('2021-04-20 12:21:54.595000', 'YYYY-MM-DD HH24:MI:SS.FF6'), null, 'PAID', 3, 9, 4);
INSERT INTO ORDER_ITEM (ORDER_ITEMID, CREATED_AT, SPECIAL_REQUIREMENT, STATE, MENU_ITEM_REFERENCE, PLACE_OF_RESERVATION_REFERENCE, RECEIPT_REFERENCE) VALUES (58, TO_TIMESTAMP('2021-05-20 10:21:55.102000', 'YYYY-MM-DD HH24:MI:SS.FF6'), null, 'PAID', 3, 9, 4);
INSERT INTO ORDER_ITEM (ORDER_ITEMID, CREATED_AT, SPECIAL_REQUIREMENT, STATE, MENU_ITEM_REFERENCE, PLACE_OF_RESERVATION_REFERENCE, RECEIPT_REFERENCE) VALUES (59, TO_TIMESTAMP('2021-04-20 14:21:56.166000', 'YYYY-MM-DD HH24:MI:SS.FF6'), null, 'PAID', 37, 9, 4);
INSERT INTO ORDER_ITEM (ORDER_ITEMID, CREATED_AT, SPECIAL_REQUIREMENT, STATE, MENU_ITEM_REFERENCE, PLACE_OF_RESERVATION_REFERENCE, RECEIPT_REFERENCE) VALUES (60, TO_TIMESTAMP('2020-10-20 14:21:56.632000', 'YYYY-MM-DD HH24:MI:SS.FF6'), null, 'PAID', 33, 9, 4);
INSERT INTO ORDER_ITEM (ORDER_ITEMID, CREATED_AT, SPECIAL_REQUIREMENT, STATE, MENU_ITEM_REFERENCE, PLACE_OF_RESERVATION_REFERENCE, RECEIPT_REFERENCE) VALUES (61, TO_TIMESTAMP('2020-10-20 12:21:57.024000', 'YYYY-MM-DD HH24:MI:SS.FF6'), null, 'PAID', 31, 9, 4);
INSERT INTO ORDER_ITEM (ORDER_ITEMID, CREATED_AT, SPECIAL_REQUIREMENT, STATE, MENU_ITEM_REFERENCE, PLACE_OF_RESERVATION_REFERENCE, RECEIPT_REFERENCE) VALUES (62, TO_TIMESTAMP('2021-04-20 14:21:57.908000', 'YYYY-MM-DD HH24:MI:SS.FF6'), null, 'PAID', 13, 9, 4);
INSERT INTO ORDER_ITEM (ORDER_ITEMID, CREATED_AT, SPECIAL_REQUIREMENT, STATE, MENU_ITEM_REFERENCE, PLACE_OF_RESERVATION_REFERENCE, RECEIPT_REFERENCE) VALUES (63, TO_TIMESTAMP('2021-03-18 12:21:58.375000', 'YYYY-MM-DD HH24:MI:SS.FF6'), null, 'PAID', 16, 9, 4);
INSERT INTO ORDER_ITEM (ORDER_ITEMID, CREATED_AT, SPECIAL_REQUIREMENT, STATE, MENU_ITEM_REFERENCE, PLACE_OF_RESERVATION_REFERENCE, RECEIPT_REFERENCE) VALUES (64, TO_TIMESTAMP('2021-01-20 10:22:04.867000', 'YYYY-MM-DD HH24:MI:SS.FF6'), null, 'PAID', 43, 6, 5);
INSERT INTO ORDER_ITEM (ORDER_ITEMID, CREATED_AT, SPECIAL_REQUIREMENT, STATE, MENU_ITEM_REFERENCE, PLACE_OF_RESERVATION_REFERENCE, RECEIPT_REFERENCE) VALUES (65, TO_TIMESTAMP('2021-03-20 17:22:05.119000', 'YYYY-MM-DD HH24:MI:SS.FF6'), null, 'PAID', 43, 6, 5);
INSERT INTO ORDER_ITEM (ORDER_ITEMID, CREATED_AT, SPECIAL_REQUIREMENT, STATE, MENU_ITEM_REFERENCE, PLACE_OF_RESERVATION_REFERENCE, RECEIPT_REFERENCE) VALUES (66, TO_TIMESTAMP('2021-04-30 12:22:05.304000', 'YYYY-MM-DD HH24:MI:SS.FF6'), null, 'PAID', 43, 6, 5);
INSERT INTO ORDER_ITEM (ORDER_ITEMID, CREATED_AT, SPECIAL_REQUIREMENT, STATE, MENU_ITEM_REFERENCE, PLACE_OF_RESERVATION_REFERENCE, RECEIPT_REFERENCE) VALUES (67, TO_TIMESTAMP('2021-05-04 13:22:05.970000', 'YYYY-MM-DD HH24:MI:SS.FF6'), null, 'PAID', 25, 6, 5);
INSERT INTO ORDER_ITEM (ORDER_ITEMID, CREATED_AT, SPECIAL_REQUIREMENT, STATE, MENU_ITEM_REFERENCE, PLACE_OF_RESERVATION_REFERENCE, RECEIPT_REFERENCE) VALUES (68, TO_TIMESTAMP('2021-05-04 12:22:04.136000', 'YYYY-MM-DD HH24:MI:SS.FF6'), null, 'PAID', 25, 6, 5);
INSERT INTO ORDER_ITEM (ORDER_ITEMID, CREATED_AT, SPECIAL_REQUIREMENT, STATE, MENU_ITEM_REFERENCE, PLACE_OF_RESERVATION_REFERENCE, RECEIPT_REFERENCE) VALUES (69, TO_TIMESTAMP('2021-05-04 12:22:04.419000', 'YYYY-MM-DD HH24:MI:SS.FF6'), null, 'PAID', 25, 6, 5);
INSERT INTO ORDER_ITEM (ORDER_ITEMID, CREATED_AT, SPECIAL_REQUIREMENT, STATE, MENU_ITEM_REFERENCE, PLACE_OF_RESERVATION_REFERENCE, RECEIPT_REFERENCE) VALUES (70, TO_TIMESTAMP('2021-05-04 12:22:07.108000', 'YYYY-MM-DD HH24:MI:SS.FF6'), null, 'PAID', 47, 6, 5);
INSERT INTO ORDER_ITEM (ORDER_ITEMID, CREATED_AT, SPECIAL_REQUIREMENT, STATE, MENU_ITEM_REFERENCE, PLACE_OF_RESERVATION_REFERENCE, RECEIPT_REFERENCE) VALUES (71, TO_TIMESTAMP('2021-05-08 13:22:08.213000', 'YYYY-MM-DD HH24:MI:SS.FF6'), null, 'PAID', 1, 6, 5);
INSERT INTO ORDER_ITEM (ORDER_ITEMID, CREATED_AT, SPECIAL_REQUIREMENT, STATE, MENU_ITEM_REFERENCE, PLACE_OF_RESERVATION_REFERENCE, RECEIPT_REFERENCE) VALUES (72, TO_TIMESTAMP('2021-05-11 12:22:08.654000', 'YYYY-MM-DD HH24:MI:SS.FF6'), null, 'PAID', 3, 6, 5);
INSERT INTO ORDER_ITEM (ORDER_ITEMID, CREATED_AT, SPECIAL_REQUIREMENT, STATE, MENU_ITEM_REFERENCE, PLACE_OF_RESERVATION_REFERENCE, RECEIPT_REFERENCE) VALUES (73, TO_TIMESTAMP('2021-05-15 11:22:08.948000', 'YYYY-MM-DD HH24:MI:SS.FF6'), null, 'PAID', 6, 6, 5);
INSERT INTO ORDER_ITEM (ORDER_ITEMID, CREATED_AT, SPECIAL_REQUIREMENT, STATE, MENU_ITEM_REFERENCE, PLACE_OF_RESERVATION_REFERENCE, RECEIPT_REFERENCE) VALUES (74, TO_TIMESTAMP('2021-05-15 12:22:09.828000', 'YYYY-MM-DD HH24:MI:SS.FF6'), null, 'PAID', 32, 6, 5);
INSERT INTO ORDER_ITEM (ORDER_ITEMID, CREATED_AT, SPECIAL_REQUIREMENT, STATE, MENU_ITEM_REFERENCE, PLACE_OF_RESERVATION_REFERENCE, RECEIPT_REFERENCE) VALUES (75, TO_TIMESTAMP('2021-05-13 10:22:10.144000', 'YYYY-MM-DD HH24:MI:SS.FF6'), null, 'PAID', 34, 6, 5);
INSERT INTO ORDER_ITEM (ORDER_ITEMID, CREATED_AT, SPECIAL_REQUIREMENT, STATE, MENU_ITEM_REFERENCE, PLACE_OF_RESERVATION_REFERENCE, RECEIPT_REFERENCE) VALUES (76, TO_TIMESTAMP('2021-05-04 10:22:11.109000', 'YYYY-MM-DD HH24:MI:SS.FF6'), null, 'PAID', 15, 6, 5);
INSERT INTO ORDER_ITEM (ORDER_ITEMID, CREATED_AT, SPECIAL_REQUIREMENT, STATE, MENU_ITEM_REFERENCE, PLACE_OF_RESERVATION_REFERENCE, RECEIPT_REFERENCE) VALUES (77, TO_TIMESTAMP('2021-05-22 13:22:11.972000', 'YYYY-MM-DD HH24:MI:SS.FF6'), null, 'PAID', 17, 6, 5);
INSERT INTO ORDER_ITEM (ORDER_ITEMID, CREATED_AT, SPECIAL_REQUIREMENT, STATE, MENU_ITEM_REFERENCE, PLACE_OF_RESERVATION_REFERENCE, RECEIPT_REFERENCE) VALUES (78, TO_TIMESTAMP('2021-05-23 12:22:17.307000', 'YYYY-MM-DD HH24:MI:SS.FF6'), null, 'PAID', 42, 20, 6);
INSERT INTO ORDER_ITEM (ORDER_ITEMID, CREATED_AT, SPECIAL_REQUIREMENT, STATE, MENU_ITEM_REFERENCE, PLACE_OF_RESERVATION_REFERENCE, RECEIPT_REFERENCE) VALUES (79, TO_TIMESTAMP('2021-03-14 12:22:17.720000', 'YYYY-MM-DD HH24:MI:SS.FF6'), null, 'PAID', 38, 20, 6);
INSERT INTO ORDER_ITEM (ORDER_ITEMID, CREATED_AT, SPECIAL_REQUIREMENT, STATE, MENU_ITEM_REFERENCE, PLACE_OF_RESERVATION_REFERENCE, RECEIPT_REFERENCE) VALUES (80, TO_TIMESTAMP('2021-05-14 12:22:17.898000', 'YYYY-MM-DD HH24:MI:SS.FF6'), null, 'PAID', 38, 20, 6);
INSERT INTO ORDER_ITEM (ORDER_ITEMID, CREATED_AT, SPECIAL_REQUIREMENT, STATE, MENU_ITEM_REFERENCE, PLACE_OF_RESERVATION_REFERENCE, RECEIPT_REFERENCE) VALUES (81, TO_TIMESTAMP('2021-04-30 12:22:18.046000', 'YYYY-MM-DD HH24:MI:SS.FF6'), null, 'PAID', 38, 20, 6);
INSERT INTO ORDER_ITEM (ORDER_ITEMID, CREATED_AT, SPECIAL_REQUIREMENT, STATE, MENU_ITEM_REFERENCE, PLACE_OF_RESERVATION_REFERENCE, RECEIPT_REFERENCE) VALUES (82, TO_TIMESTAMP('2021-03-28 12:22:18.224000', 'YYYY-MM-DD HH24:MI:SS.FF6'), null, 'PAID', 38, 20, 6);
INSERT INTO ORDER_ITEM (ORDER_ITEMID, CREATED_AT, SPECIAL_REQUIREMENT, STATE, MENU_ITEM_REFERENCE, PLACE_OF_RESERVATION_REFERENCE, RECEIPT_REFERENCE) VALUES (83, TO_TIMESTAMP('2021-05-11 17:22:18.373000', 'YYYY-MM-DD HH24:MI:SS.FF6'), null, 'PAID', 38, 20, 6);
INSERT INTO ORDER_ITEM (ORDER_ITEMID, CREATED_AT, SPECIAL_REQUIREMENT, STATE, MENU_ITEM_REFERENCE, PLACE_OF_RESERVATION_REFERENCE, RECEIPT_REFERENCE) VALUES (84, TO_TIMESTAMP('2021-04-20 20:22:18.521000', 'YYYY-MM-DD HH24:MI:SS.FF6'), null, 'PAID', 38, 20, 6);
INSERT INTO ORDER_ITEM (ORDER_ITEMID, CREATED_AT, SPECIAL_REQUIREMENT, STATE, MENU_ITEM_REFERENCE, PLACE_OF_RESERVATION_REFERENCE, RECEIPT_REFERENCE) VALUES (85, TO_TIMESTAMP('2021-03-07 18:22:18.658000', 'YYYY-MM-DD HH24:MI:SS.FF6'), null, 'PAID', 38, 20, 6);
INSERT INTO ORDER_ITEM (ORDER_ITEMID, CREATED_AT, SPECIAL_REQUIREMENT, STATE, MENU_ITEM_REFERENCE, PLACE_OF_RESERVATION_REFERENCE, RECEIPT_REFERENCE) VALUES (86, TO_TIMESTAMP('2021-04-20 12:22:19.243000', 'YYYY-MM-DD HH24:MI:SS.FF6'), null, 'PAID', 23, 20, 6);
INSERT INTO ORDER_ITEM (ORDER_ITEMID, CREATED_AT, SPECIAL_REQUIREMENT, STATE, MENU_ITEM_REFERENCE, PLACE_OF_RESERVATION_REFERENCE, RECEIPT_REFERENCE) VALUES (87, TO_TIMESTAMP('2021-04-07 11:22:19.393000', 'YYYY-MM-DD HH24:MI:SS.FF6'), null, 'PAID', 23, 20, 6);
INSERT INTO ORDER_ITEM (ORDER_ITEMID, CREATED_AT, SPECIAL_REQUIREMENT, STATE, MENU_ITEM_REFERENCE, PLACE_OF_RESERVATION_REFERENCE, RECEIPT_REFERENCE) VALUES (88, TO_TIMESTAMP('2021-04-08 12:22:19.556000', 'YYYY-MM-DD HH24:MI:SS.FF6'), null, 'PAID', 23, 20, 6);
INSERT INTO ORDER_ITEM (ORDER_ITEMID, CREATED_AT, SPECIAL_REQUIREMENT, STATE, MENU_ITEM_REFERENCE, PLACE_OF_RESERVATION_REFERENCE, RECEIPT_REFERENCE) VALUES (89, TO_TIMESTAMP('2021-04-09 15:22:19.697000', 'YYYY-MM-DD HH24:MI:SS.FF6'), null, 'PAID', 23, 20, 6);
INSERT INTO ORDER_ITEM (ORDER_ITEMID, CREATED_AT, SPECIAL_REQUIREMENT, STATE, MENU_ITEM_REFERENCE, PLACE_OF_RESERVATION_REFERENCE, RECEIPT_REFERENCE) VALUES (90, TO_TIMESTAMP('2021-04-20 16:22:19.853000', 'YYYY-MM-DD HH24:MI:SS.FF6'), null, 'PAID', 23, 20, 6);
INSERT INTO ORDER_ITEM (ORDER_ITEMID, CREATED_AT, SPECIAL_REQUIREMENT, STATE, MENU_ITEM_REFERENCE, PLACE_OF_RESERVATION_REFERENCE, RECEIPT_REFERENCE) VALUES (91, TO_TIMESTAMP('2021-04-11 16:22:19.985000', 'YYYY-MM-DD HH24:MI:SS.FF6'), null, 'PAID', 23, 20, 6);
INSERT INTO ORDER_ITEM (ORDER_ITEMID, CREATED_AT, SPECIAL_REQUIREMENT, STATE, MENU_ITEM_REFERENCE, PLACE_OF_RESERVATION_REFERENCE, RECEIPT_REFERENCE) VALUES (92, TO_TIMESTAMP('2021-04-20 15:22:20.134000', 'YYYY-MM-DD HH24:MI:SS.FF6'), null, 'PAID', 23, 20, 6);
INSERT INTO ORDER_ITEM (ORDER_ITEMID, CREATED_AT, SPECIAL_REQUIREMENT, STATE, MENU_ITEM_REFERENCE, PLACE_OF_RESERVATION_REFERENCE, RECEIPT_REFERENCE) VALUES (93, TO_TIMESTAMP('2021-05-22 16:22:20.256000', 'YYYY-MM-DD HH24:MI:SS.FF6'), null, 'PAID', 23, 20, 6);
INSERT INTO ORDER_ITEM (ORDER_ITEMID, CREATED_AT, SPECIAL_REQUIREMENT, STATE, MENU_ITEM_REFERENCE, PLACE_OF_RESERVATION_REFERENCE, RECEIPT_REFERENCE) VALUES (94, TO_TIMESTAMP('2021-04-03 14:22:20.387000', 'YYYY-MM-DD HH24:MI:SS.FF6'), null, 'PAID', 23, 20, 6);
INSERT INTO ORDER_ITEM (ORDER_ITEMID, CREATED_AT, SPECIAL_REQUIREMENT, STATE, MENU_ITEM_REFERENCE, PLACE_OF_RESERVATION_REFERENCE, RECEIPT_REFERENCE) VALUES (95, TO_TIMESTAMP('2021-04-20 14:22:21.109000', 'YYYY-MM-DD HH24:MI:SS.FF6'), null, 'PAID', 47, 20, 6);
INSERT INTO ORDER_ITEM (ORDER_ITEMID, CREATED_AT, SPECIAL_REQUIREMENT, STATE, MENU_ITEM_REFERENCE, PLACE_OF_RESERVATION_REFERENCE, RECEIPT_REFERENCE) VALUES (96, TO_TIMESTAMP('2021-04-14 11:22:21.387000', 'YYYY-MM-DD HH24:MI:SS.FF6'), null, 'PAID', 47, 20, 6);
INSERT INTO ORDER_ITEM (ORDER_ITEMID, CREATED_AT, SPECIAL_REQUIREMENT, STATE, MENU_ITEM_REFERENCE, PLACE_OF_RESERVATION_REFERENCE, RECEIPT_REFERENCE) VALUES (97, TO_TIMESTAMP('2021-04-30 19:22:21.700000', 'YYYY-MM-DD HH24:MI:SS.FF6'), null, 'PAID', 49, 20, 6);
INSERT INTO ORDER_ITEM (ORDER_ITEMID, CREATED_AT, SPECIAL_REQUIREMENT, STATE, MENU_ITEM_REFERENCE, PLACE_OF_RESERVATION_REFERENCE, RECEIPT_REFERENCE) VALUES (98, TO_TIMESTAMP('2021-05-28 19:22:21.973000', 'YYYY-MM-DD HH24:MI:SS.FF6'), null, 'PAID', 47, 20, 6);
INSERT INTO ORDER_ITEM (ORDER_ITEMID, CREATED_AT, SPECIAL_REQUIREMENT, STATE, MENU_ITEM_REFERENCE, PLACE_OF_RESERVATION_REFERENCE, RECEIPT_REFERENCE) VALUES (99, TO_TIMESTAMP('2021-05-14 19:22:22.293000', 'YYYY-MM-DD HH24:MI:SS.FF6'), null, 'PAID', 44, 20, 6);
INSERT INTO ORDER_ITEM (ORDER_ITEMID, CREATED_AT, SPECIAL_REQUIREMENT, STATE, MENU_ITEM_REFERENCE, PLACE_OF_RESERVATION_REFERENCE, RECEIPT_REFERENCE) VALUES (100, TO_TIMESTAMP('2021-04-16 21:22:22.585000', 'YYYY-MM-DD HH24:MI:SS.FF6'), null, 'PAID', 47, 20, 6);
INSERT INTO ORDER_ITEM (ORDER_ITEMID, CREATED_AT, SPECIAL_REQUIREMENT, STATE, MENU_ITEM_REFERENCE, PLACE_OF_RESERVATION_REFERENCE, RECEIPT_REFERENCE) VALUES (101, TO_TIMESTAMP('2021-05-15 21:22:22.748000', 'YYYY-MM-DD HH24:MI:SS.FF6'), null, 'PAID', 47, 20, 6);
INSERT INTO ORDER_ITEM (ORDER_ITEMID, CREATED_AT, SPECIAL_REQUIREMENT, STATE, MENU_ITEM_REFERENCE, PLACE_OF_RESERVATION_REFERENCE, RECEIPT_REFERENCE) VALUES (102, TO_TIMESTAMP('2021-05-15 11:22:23.647000', 'YYYY-MM-DD HH24:MI:SS.FF6'), null, 'PAID', 9, 20, 6);
INSERT INTO ORDER_ITEM (ORDER_ITEMID, CREATED_AT, SPECIAL_REQUIREMENT, STATE, MENU_ITEM_REFERENCE, PLACE_OF_RESERVATION_REFERENCE, RECEIPT_REFERENCE) VALUES (103, TO_TIMESTAMP('2021-05-10 17:22:23.804000', 'YYYY-MM-DD HH24:MI:SS.FF6'), null, 'PAID', 9, 20, 6);
INSERT INTO ORDER_ITEM (ORDER_ITEMID, CREATED_AT, SPECIAL_REQUIREMENT, STATE, MENU_ITEM_REFERENCE, PLACE_OF_RESERVATION_REFERENCE, RECEIPT_REFERENCE) VALUES (104, TO_TIMESTAMP('2021-05-04 17:22:23.968000', 'YYYY-MM-DD HH24:MI:SS.FF6'), null, 'PAID', 9, 20, 6);
INSERT INTO ORDER_ITEM (ORDER_ITEMID, CREATED_AT, SPECIAL_REQUIREMENT, STATE, MENU_ITEM_REFERENCE, PLACE_OF_RESERVATION_REFERENCE, RECEIPT_REFERENCE) VALUES (105, TO_TIMESTAMP('2021-05-01 18:22:24.108000', 'YYYY-MM-DD HH24:MI:SS.FF6'), null, 'PAID', 9, 20, 6);
INSERT INTO ORDER_ITEM (ORDER_ITEMID, CREATED_AT, SPECIAL_REQUIREMENT, STATE, MENU_ITEM_REFERENCE, PLACE_OF_RESERVATION_REFERENCE, RECEIPT_REFERENCE) VALUES (106, TO_TIMESTAMP('2021-05-11 16:22:24.245000', 'YYYY-MM-DD HH24:MI:SS.FF6'), null, 'PAID', 9, 20, 6);
INSERT INTO ORDER_ITEM (ORDER_ITEMID, CREATED_AT, SPECIAL_REQUIREMENT, STATE, MENU_ITEM_REFERENCE, PLACE_OF_RESERVATION_REFERENCE, RECEIPT_REFERENCE) VALUES (107, TO_TIMESTAMP('2021-05-15 18:22:24.382000', 'YYYY-MM-DD HH24:MI:SS.FF6'), null, 'PAID', 9, 20, 6);
INSERT INTO ORDER_ITEM (ORDER_ITEMID, CREATED_AT, SPECIAL_REQUIREMENT, STATE, MENU_ITEM_REFERENCE, PLACE_OF_RESERVATION_REFERENCE, RECEIPT_REFERENCE) VALUES (108, TO_TIMESTAMP('2021-05-15 14:22:24.512000', 'YYYY-MM-DD HH24:MI:SS.FF6'), null, 'PAID', 9, 20, 6);
INSERT INTO ORDER_ITEM (ORDER_ITEMID, CREATED_AT, SPECIAL_REQUIREMENT, STATE, MENU_ITEM_REFERENCE, PLACE_OF_RESERVATION_REFERENCE, RECEIPT_REFERENCE) VALUES (109, TO_TIMESTAMP('2021-05-15 16:22:24.639000', 'YYYY-MM-DD HH24:MI:SS.FF6'), null, 'PAID', 9, 20, 6);
INSERT INTO ORDER_ITEM (ORDER_ITEMID, CREATED_AT, SPECIAL_REQUIREMENT, STATE, MENU_ITEM_REFERENCE, PLACE_OF_RESERVATION_REFERENCE, RECEIPT_REFERENCE) VALUES (110, TO_TIMESTAMP('2021-05-15 16:22:24.792000', 'YYYY-MM-DD HH24:MI:SS.FF6'), null, 'PAID', 9, 20, 6);
INSERT INTO ORDER_ITEM (ORDER_ITEMID, CREATED_AT, SPECIAL_REQUIREMENT, STATE, MENU_ITEM_REFERENCE, PLACE_OF_RESERVATION_REFERENCE, RECEIPT_REFERENCE) VALUES (111, TO_TIMESTAMP('2021-04-10 16:22:24.907000', 'YYYY-MM-DD HH24:MI:SS.FF6'), null, 'PAID', 9, 20, 6);
INSERT INTO ORDER_ITEM (ORDER_ITEMID, CREATED_AT, SPECIAL_REQUIREMENT, STATE, MENU_ITEM_REFERENCE, PLACE_OF_RESERVATION_REFERENCE, RECEIPT_REFERENCE) VALUES (112, TO_TIMESTAMP('2021-04-16 15:22:25.053000', 'YYYY-MM-DD HH24:MI:SS.FF6'), null, 'PAID', 9, 20, 6);
INSERT INTO ORDER_ITEM (ORDER_ITEMID, CREATED_AT, SPECIAL_REQUIREMENT, STATE, MENU_ITEM_REFERENCE, PLACE_OF_RESERVATION_REFERENCE, RECEIPT_REFERENCE) VALUES (113, TO_TIMESTAMP('2021-04-20 19:22:25.195000', 'YYYY-MM-DD HH24:MI:SS.FF6'), null, 'PAID', 9, 20, 6);
INSERT INTO ORDER_ITEM (ORDER_ITEMID, CREATED_AT, SPECIAL_REQUIREMENT, STATE, MENU_ITEM_REFERENCE, PLACE_OF_RESERVATION_REFERENCE, RECEIPT_REFERENCE) VALUES (114, TO_TIMESTAMP('2021-04-25 19:22:26.030000', 'YYYY-MM-DD HH24:MI:SS.FF6'), null, 'PAID', 4, 20, 6);
INSERT INTO ORDER_ITEM (ORDER_ITEMID, CREATED_AT, SPECIAL_REQUIREMENT, STATE, MENU_ITEM_REFERENCE, PLACE_OF_RESERVATION_REFERENCE, RECEIPT_REFERENCE) VALUES (115, TO_TIMESTAMP('2021-04-25 20:22:26.318000', 'YYYY-MM-DD HH24:MI:SS.FF6'), null, 'PAID', 6, 20, 6);
INSERT INTO ORDER_ITEM (ORDER_ITEMID, CREATED_AT, SPECIAL_REQUIREMENT, STATE, MENU_ITEM_REFERENCE, PLACE_OF_RESERVATION_REFERENCE, RECEIPT_REFERENCE) VALUES (116, TO_TIMESTAMP('2021-01-12 20:22:26.904000', 'YYYY-MM-DD HH24:MI:SS.FF6'), null, 'PAID', 2, 20, 6);
INSERT INTO ORDER_ITEM (ORDER_ITEMID, CREATED_AT, SPECIAL_REQUIREMENT, STATE, MENU_ITEM_REFERENCE, PLACE_OF_RESERVATION_REFERENCE, RECEIPT_REFERENCE) VALUES (117, TO_TIMESTAMP('2021-05-02 20:22:27.145000', 'YYYY-MM-DD HH24:MI:SS.FF6'), null, 'PAID', 1, 20, 6);
INSERT INTO ORDER_ITEM (ORDER_ITEMID, CREATED_AT, SPECIAL_REQUIREMENT, STATE, MENU_ITEM_REFERENCE, PLACE_OF_RESERVATION_REFERENCE, RECEIPT_REFERENCE) VALUES (118, TO_TIMESTAMP('2021-04-02 15:22:27.474000', 'YYYY-MM-DD HH24:MI:SS.FF6'), null, 'PAID', 2, 20, 6);
INSERT INTO ORDER_ITEM (ORDER_ITEMID, CREATED_AT, SPECIAL_REQUIREMENT, STATE, MENU_ITEM_REFERENCE, PLACE_OF_RESERVATION_REFERENCE, RECEIPT_REFERENCE) VALUES (119, TO_TIMESTAMP('2021-04-29 20:22:27.722000', 'YYYY-MM-DD HH24:MI:SS.FF6'), null, 'PAID', 3, 20, 6);
INSERT INTO ORDER_ITEM (ORDER_ITEMID, CREATED_AT, SPECIAL_REQUIREMENT, STATE, MENU_ITEM_REFERENCE, PLACE_OF_RESERVATION_REFERENCE, RECEIPT_REFERENCE) VALUES (120, TO_TIMESTAMP('2021-04-29 11:22:28.404000', 'YYYY-MM-DD HH24:MI:SS.FF6'), null, 'PAID', 33, 20, 6);
INSERT INTO ORDER_ITEM (ORDER_ITEMID, CREATED_AT, SPECIAL_REQUIREMENT, STATE, MENU_ITEM_REFERENCE, PLACE_OF_RESERVATION_REFERENCE, RECEIPT_REFERENCE) VALUES (121, TO_TIMESTAMP('2021-04-13 11:22:28.658000', 'YYYY-MM-DD HH24:MI:SS.FF6'), null, 'PAID', 31, 20, 6);
INSERT INTO ORDER_ITEM (ORDER_ITEMID, CREATED_AT, SPECIAL_REQUIREMENT, STATE, MENU_ITEM_REFERENCE, PLACE_OF_RESERVATION_REFERENCE, RECEIPT_REFERENCE) VALUES (122, TO_TIMESTAMP('2021-05-15 15:22:28.835000', 'YYYY-MM-DD HH24:MI:SS.FF6'), null, 'PAID', 31, 20, 6);
INSERT INTO ORDER_ITEM (ORDER_ITEMID, CREATED_AT, SPECIAL_REQUIREMENT, STATE, MENU_ITEM_REFERENCE, PLACE_OF_RESERVATION_REFERENCE, RECEIPT_REFERENCE) VALUES (123, TO_TIMESTAMP('2021-05-10 11:22:29.121000', 'YYYY-MM-DD HH24:MI:SS.FF6'), null, 'PAID', 30, 20, 6);
INSERT INTO ORDER_ITEM (ORDER_ITEMID, CREATED_AT, SPECIAL_REQUIREMENT, STATE, MENU_ITEM_REFERENCE, PLACE_OF_RESERVATION_REFERENCE, RECEIPT_REFERENCE) VALUES (124, TO_TIMESTAMP('2021-05-10 11:22:29.600000', 'YYYY-MM-DD HH24:MI:SS.FF6'), null, 'PAID', 32, 20, 6);
INSERT INTO ORDER_ITEM (ORDER_ITEMID, CREATED_AT, SPECIAL_REQUIREMENT, STATE, MENU_ITEM_REFERENCE, PLACE_OF_RESERVATION_REFERENCE, RECEIPT_REFERENCE) VALUES (125, TO_TIMESTAMP('2021-05-11 11:22:29.827000', 'YYYY-MM-DD HH24:MI:SS.FF6'), null, 'PAID', 33, 20, 6);
INSERT INTO ORDER_ITEM (ORDER_ITEMID, CREATED_AT, SPECIAL_REQUIREMENT, STATE, MENU_ITEM_REFERENCE, PLACE_OF_RESERVATION_REFERENCE, RECEIPT_REFERENCE) VALUES (126, TO_TIMESTAMP('2020-04-15 11:22:30.070000', 'YYYY-MM-DD HH24:MI:SS.FF6'), null, 'PAID', 34, 20, 6);
INSERT INTO ORDER_ITEM (ORDER_ITEMID, CREATED_AT, SPECIAL_REQUIREMENT, STATE, MENU_ITEM_REFERENCE, PLACE_OF_RESERVATION_REFERENCE, RECEIPT_REFERENCE) VALUES (127, TO_TIMESTAMP('2020-04-15 15:22:30.292000', 'YYYY-MM-DD HH24:MI:SS.FF6'), null, 'PAID', 34, 20, 6);
INSERT INTO ORDER_ITEM (ORDER_ITEMID, CREATED_AT, SPECIAL_REQUIREMENT, STATE, MENU_ITEM_REFERENCE, PLACE_OF_RESERVATION_REFERENCE, RECEIPT_REFERENCE) VALUES (128, TO_TIMESTAMP('2021-04-14 12:22:30.517000', 'YYYY-MM-DD HH24:MI:SS.FF6'), null, 'PAID', 34, 20, 6);
INSERT INTO ORDER_ITEM (ORDER_ITEMID, CREATED_AT, SPECIAL_REQUIREMENT, STATE, MENU_ITEM_REFERENCE, PLACE_OF_RESERVATION_REFERENCE, RECEIPT_REFERENCE) VALUES (129, TO_TIMESTAMP('2021-04-15 17:22:31.144000', 'YYYY-MM-DD HH24:MI:SS.FF6'), null, 'PAID', 30, 20, 6);
INSERT INTO ORDER_ITEM (ORDER_ITEMID, CREATED_AT, SPECIAL_REQUIREMENT, STATE, MENU_ITEM_REFERENCE, PLACE_OF_RESERVATION_REFERENCE, RECEIPT_REFERENCE) VALUES (130, TO_TIMESTAMP('2021-04-16 17:22:32.047000', 'YYYY-MM-DD HH24:MI:SS.FF6'), null, 'PAID', 12, 20, 6);
INSERT INTO ORDER_ITEM (ORDER_ITEMID, CREATED_AT, SPECIAL_REQUIREMENT, STATE, MENU_ITEM_REFERENCE, PLACE_OF_RESERVATION_REFERENCE, RECEIPT_REFERENCE) VALUES (131, TO_TIMESTAMP('2021-04-16 17:22:32.216000', 'YYYY-MM-DD HH24:MI:SS.FF6'), null, 'PAID', 12, 20, 6);
INSERT INTO ORDER_ITEM (ORDER_ITEMID, CREATED_AT, SPECIAL_REQUIREMENT, STATE, MENU_ITEM_REFERENCE, PLACE_OF_RESERVATION_REFERENCE, RECEIPT_REFERENCE) VALUES (132, TO_TIMESTAMP('2021-04-18 10:22:32.409000', 'YYYY-MM-DD HH24:MI:SS.FF6'), null, 'PAID', 15, 20, 6);
INSERT INTO ORDER_ITEM (ORDER_ITEMID, CREATED_AT, SPECIAL_REQUIREMENT, STATE, MENU_ITEM_REFERENCE, PLACE_OF_RESERVATION_REFERENCE, RECEIPT_REFERENCE) VALUES (133, TO_TIMESTAMP('2021-04-18 18:22:32.614000', 'YYYY-MM-DD HH24:MI:SS.FF6'), null, 'PAID', 13, 20, 6);
INSERT INTO ORDER_ITEM (ORDER_ITEMID, CREATED_AT, SPECIAL_REQUIREMENT, STATE, MENU_ITEM_REFERENCE, PLACE_OF_RESERVATION_REFERENCE, RECEIPT_REFERENCE) VALUES (134, TO_TIMESTAMP('2021-04-15 18:22:32.770000', 'YYYY-MM-DD HH24:MI:SS.FF6'), null, 'PAID', 12, 20, 6);
INSERT INTO ORDER_ITEM (ORDER_ITEMID, CREATED_AT, SPECIAL_REQUIREMENT, STATE, MENU_ITEM_REFERENCE, PLACE_OF_RESERVATION_REFERENCE, RECEIPT_REFERENCE) VALUES (135, TO_TIMESTAMP('2021-04-11 18:22:32.973000', 'YYYY-MM-DD HH24:MI:SS.FF6'), null, 'PAID', 11, 20, 6);
INSERT INTO ORDER_ITEM (ORDER_ITEMID, CREATED_AT, SPECIAL_REQUIREMENT, STATE, MENU_ITEM_REFERENCE, PLACE_OF_RESERVATION_REFERENCE, RECEIPT_REFERENCE) VALUES (136, TO_TIMESTAMP('2021-04-11 18:22:34.564000', 'YYYY-MM-DD HH24:MI:SS.FF6'), null, 'PAID', 16, 20, 6);
INSERT INTO ORDER_ITEM (ORDER_ITEMID, CREATED_AT, SPECIAL_REQUIREMENT, STATE, MENU_ITEM_REFERENCE, PLACE_OF_RESERVATION_REFERENCE, RECEIPT_REFERENCE) VALUES (137, TO_TIMESTAMP('2021-04-15 18:22:34.699000', 'YYYY-MM-DD HH24:MI:SS.FF6'), null, 'PAID', 16, 20, 6);
INSERT INTO ORDER_ITEM (ORDER_ITEMID, CREATED_AT, SPECIAL_REQUIREMENT, STATE, MENU_ITEM_REFERENCE, PLACE_OF_RESERVATION_REFERENCE, RECEIPT_REFERENCE) VALUES (138, TO_TIMESTAMP('2021-04-15 19:22:35.449000', 'YYYY-MM-DD HH24:MI:SS.FF6'), null, 'PAID', 19, 20, 6);
INSERT INTO ORDER_ITEM (ORDER_ITEMID, CREATED_AT, SPECIAL_REQUIREMENT, STATE, MENU_ITEM_REFERENCE, PLACE_OF_RESERVATION_REFERENCE, RECEIPT_REFERENCE) VALUES (139, TO_TIMESTAMP('2021-04-15 10:22:37.050000', 'YYYY-MM-DD HH24:MI:SS.FF6'), null, 'PAID', 31, 20, 6);

